energy,energy_entropy,filename,mfcc_1,mfcc_10,mfcc_11,mfcc_12,mfcc_13,mfcc_2,mfcc_3,mfcc_4,mfcc_5,mfcc_6,mfcc_7,mfcc_8,mfcc_9,sox_rms_lev_db,sox_rms_pk_db,spectral_centroid,spectral_entropy,spectral_rolloff,spectral_spread,zcr
0.005131928032511737,2.65564875000481,419_0_5.03_27875.wav,-18.158480799241005,-0.08027116631908648,-0.12845665306106718,-0.16880472092014298,0.018101141699781647,1.5346275456901166,0.2976317770656697,0.3882840895807367,-0.03311429618432638,-0.20710728226558667,-0.13770694626777547,0.13711883459665525,-0.10313537145642054,-22.9,-11.02,0.1471056826226465,0.5913878815590813,0.08968333333333334,0.14330291851766996,0.028116783819932583
0.00787263716153825,2.9498919610967365,419_102_4.83_22943.wav,-17.48843309376354,-0.07618256747410306,-0.24678759561349528,-0.10829572768865864,-0.03956556776778063,2.521421451800572,-0.3230322687220427,0.7550169432363676,0.5038285221213659,-0.004310116307489269,0.07403364812273686,-0.00858354356271748,0.19987994618963462,-21.04,-11.79,0.08218108284973487,0.2672284990388852,0.07224166666666666,0.09797261123649746,0.03817515906316276
0.01207935413892163,2.9124331785661752,419_108_5.27_17909.wav,-15.767576468773363,0.08464559065829268,-0.017958429143356557,0.026993689809280828,-0.04747905873923203,1.734655555686091,-0.011758904849479527,0.1177307711138604,0.5074009043759,0.5054608225270154,-0.061624374787620596,0.16040118711428253,-0.07010502403395565,-19.18,-11.7,0.11410283420026662,0.6965054146939683,0.11161666666666667,0.1070276524830574,0.05786690777878241
0.02544498398560176,3.1994561607555183,419_114_4.57_10556.wav,-21.41599896843945,-0.38189280722583946,0.010307061892681397,0.7791216374406976,-0.007570914051522701,9.31459630078923,-1.5947288302325655,-1.8932139611768988,1.1385895065798999,-0.017889113318745826,-0.9754922996127695,0.8409463562375618,1.0244050004447178,-15.94,-11.18,0.06511642347811922,0.23600211382894212,0.08795,0.05161875199718923,0.053283555348147285
0.026670974142893832,3.222170050361354,419_120_5.3_9543.wav,-21.91254399940205,-0.16634226662412518,-0.16082215119163693,0.697867851657344,0.2536854786378203,9.47329227350961,-0.9586934754106551,-2.2098831646337267,1.0049855005187167,0.9485350268278638,-0.4979725005557683,0.25234292921899315,0.7931763980130526,-15.74,-11.65,0.06390469037886895,0.5538269307596121,0.11225,0.05355586523336704,0.045683523681348676
0.011447828908587952,2.989906688393175,419_126_4.69_45475.wav,-17.129160570322398,0.3697442818274207,0.11563683334920397,0.18094166993080374,0.0009889496451890925,0.606638869476265,-0.5465286323207075,0.11303536730009392,-0.39018578927373426,0.019745679312517823,0.23196479724441343,0.1477400354149674,-0.11890024080179573,-19.41,-12.6,0.11475225228901376,0.5112512701007618,0.09446666666666667,0.12103418082760478,0.041541839757665656
0.005785252015370272,2.0022154966875974,419_12_5.09_9855.wav,-24.188223502933695,-0.5495260091357578,-0.25366043965663954,0.5881934394292431,-0.09928939537684864,8.282785791064445,-1.6308711354086167,-0.9276721247848113,2.520247465548535,0.6150196148836558,-1.3054893243888244,0.364931900253325,0.8487557239412685,-22.38,-10.31,0.06300880067763703,0.28706614192227026,0.03845833333333333,0.06867240121104928,0.029308455451897718
0.005559403877353214,1.9946102105143488,419_132_5.06_19343.wav,-17.509991255737546,-0.08987440333379562,0.20476082911648363,0.06679666676022568,0.0371562557729755,1.8989274811140957,-0.10451154795455996,0.41762786715665307,-0.11708960458129117,0.18141399322122465,-0.06372067904759389,-0.11557427210803659,-0.06682634788040855,-22.55,-8.73,0.0993213932773709,0.4775633115126504,0.076375,0.10248301708917369,0.03739182246592694
0.0013127194277406209,2.627148968556175,419_138_4.56_17820.wav,-18.94611059605124,0.38332598430738796,-0.550836751274721,0.381516287854449,-0.4776652424529804,2.1677191752989837,-1.299137428484725,0.8467291368745248,-0.8361168948234281,0.4575530188048545,-0.6476026472047612,0.5616087782830397,-0.5825626912774198,-28.82,-15.56,0.10533667881528454,0.8999441586883309,0.1426,0.08618293069476575,0.03345847274363643
0.001777699656701987,2.9462155506443413,419_144_4.62_8696.wav,-26.810580723621875,0.4392519146181723,0.9576706448116694,0.1359458979925634,-0.44369799321098513,8.700186703649052,1.0127887090249181,-2.4480692782656477,-0.7406032677797267,1.5405969022621258,0.9666017235290618,-0.8307714379444897,-0.9193362744519172,-27.5,-17.58,0.06377243106184496,0.5731216599428504,0.13476666666666667,0.06095525940952947,0.02013341722257176
0.0021391603814520026,2.8799518722051722,419_150_5.28_31091.wav,-19.563019425113904,-0.01830473006081848,-0.06312754567023542,-0.250949073580666,-0.13101623714882185,1.703619631198071,0.4793432920167121,0.44825028163643543,0.4411823565916492,-0.1119145185550369,0.20149099529902037,0.21709431067932308,-0.3554659493396531,-26.7,-14.85,0.13343576566571408,0.494125873131174,0.07606666666666667,0.15095149883422737,0.025120938003908348
0.017276795749298125,3.1855360933918555,419_156_5.38_9066.wav,-22.871562986766186,0.35440898362926077,-0.6617018301871818,-0.019454875085804835,0.6216328150884095,7.971672585684823,-1.029535724758398,-2.269167841092041,1.0703924698664187,1.2751876671675777,-0.8446411527786033,-0.5453875774580574,0.9127496846248062,-17.63,-11.31,0.0692763094207807,0.2775442671156589,0.018608333333333334,0.07354475367460642,0.02262509427122613
0.008960251288441707,2.997866472588185,419_162_5.36_15231.wav,-20.479787337783687,0.5988308773814268,-0.378202188400129,0.323627038951808,-0.04889999241587865,3.2568300503880696,-1.3817915000056025,2.204774225249204,-0.8736590073098854,1.5688778133029455,-0.7409546203869073,0.8985309299937485,-0.38270924454223265,-20.48,-10.0,0.06791780740770936,0.11764691902303501,0.012158333333333333,0.0927434495803715,0.012358384826603444
0.06775688031390517,3.1663458781244884,419_168_4.78_34874.wav,-17.747314390259742,0.0645059494830478,-0.08092625838446627,0.06393876767658732,0.10776495037845368,1.9449618080634146,0.45215976234961924,0.4946437555304317,0.2932759713729078,0.010645259072723335,0.022972178643549203,0.09116760414218382,0.033500116640663866,-11.69,-6.34,0.10051399695506384,0.06834113468343499,0.0035833333333333333,0.1399406512035522,0.01650423543431431
0.00546340921627101,1.9209256725411956,419_174_4.83_33350.wav,-19.519724314845575,0.06953894484451029,-0.03905210355606076,0.28159703704310113,-0.47503093006532204,1.6764538772796818,1.170081219944009,0.678117835742118,0.3217116953054806,0.10759456851050025,0.31773352105954766,0.42611220445871634,0.05735000636164679,-22.63,-11.0,0.14185148614741597,0.4270685593906463,0.020316666666666667,0.1560787250369004,0.032175134063058594
0.009878825296265499,2.1400346588028185,419_180_5.12_10077.wav,-24.744743752911916,-0.5135507069953975,0.07180913690816623,0.5850431920570299,-0.15082065175145298,7.326475399337414,-1.4171895238826244,-1.0836208861229712,1.6350507761464885,0.1961867735181743,-0.828902049434803,0.5836566107644336,0.5287363608134026,-20.05,-10.2,0.037675714838407794,0.04429304834951285,0.010775,0.06313101707260906,0.012175050729378039
0.005477020774235593,1.9981894827108064,419_186_4.5_23669.wav,-18.652023736971984,0.11440708514180034,0.08159414245026878,0.09972538307030401,0.008071891760428905,0.8317325207607105,0.5130110155148344,0.7512246260433413,0.11832598132837278,0.4453285571548114,0.6817987954034204,-0.036123782557206524,0.35885215454870184,-22.61,-12.8,0.15822940204678926,0.9937519608291574,0.19603333333333334,0.13542212949951452,0.029125121354672313
0.004518187816130922,2.5987904599610623,419_18_4.9_23726.wav,-17.6047313755337,0.12210288256264024,0.0919598992262818,0.13347702514190526,-0.18368275051339367,1.9224867277908158,-0.6770809924028234,-0.5005998800189949,0.33278446888587254,0.11753036552830834,-0.13708196308027276,-0.28707148298859625,-0.6562987809777691,-23.45,-13.22,0.132950725189862,0.6768151514058978,0.1031,0.12638503458083802,0.03669181954924812
0.00793966234360489,2.124784547621002,419_192_5.11_9655.wav,-25.33376363250921,-0.14644065350634616,-0.4464814037130217,0.25409679557304293,0.09201158384961645,8.132092248200662,-0.7140827018364295,-1.2549523526274684,1.9187288889525214,1.1889446721003396,-0.9931842535035398,-0.3852243121172964,0.6042898109258921,-21.0,-11.77,0.0402302664394683,0.08133460822143626,0.017358333333333333,0.05712914389041446,0.01325005520856337
0.00986347318884141,1.6917445495795003,419_198_5.32_8406.wav,-26.38543807136247,0.40281869229093237,0.28221681452310315,-0.35364616027629747,-0.26780007116429455,7.985934453872818,0.782203565514145,-2.0975683158145433,-0.1838703045506323,1.6171957348360224,0.702477963759804,-0.7493991835504358,-0.5043934184003019,-20.06,-9.73,0.03692465214828035,0.07524328082901374,0.013125,0.05571514284536865,0.014258392743303098
0.014101369817813339,3.049005285968432,419_204_4.56_15839.wav,-19.325250667704935,0.40161261633263773,0.022217699628877242,-0.3873531747572371,0.5457414324899299,3.365678169058169,-2.5537253163506364,2.579793483019266,-1.7715699867972616,1.6022589300318986,-0.684844124623875,1.1097609918962537,-0.3405881642925249,-18.51,-11.16,0.09318330180431504,0.32886819618791874,0.011925,0.0924253213955085,0.01728340534752228
0.007785656404989326,2.906283066884082,419_210_5.36_23105.wav,-17.74766533064222,0.12897941584043604,0.09267557446451259,0.21033620790185226,0.09202043393235826,1.2961479482065599,0.8016995942881963,0.3432923934021786,0.5744077341165268,-0.07135926865893748,-0.6100107590081433,0.30180975548735733,-0.14688871829431022,-21.09,-14.05,0.1958603498103028,1.069787547224596,0.24218333333333333,0.1635208591751569,0.04066266942778928
0.014276708493388095,3.1546669336279622,419_216_4.98_33380.wav,-18.205954713880605,0.2349471546775637,0.02996916056096407,0.11993475391365092,-0.06527820596354045,1.5938695081401757,1.5970135855561258,0.35550805571069233,-0.47905542085020125,-0.07036340453481495,-0.16731941814375043,0.043733260625281704,0.4179234887255048,-18.45,-10.67,0.19571411796001983,0.8363652811779574,0.16055833333333333,0.1694350307364404,0.04693769557373156
0.010533487573791018,2.9246555284470754,419_222_4.81_19075.wav,-16.92269962914137,-0.18792613171496225,-0.261415714805692,0.08705634682460738,-0.24825453688892699,1.093421546938309,0.5116773046092791,0.9093823701524412,0.26025077215553727,0.5439151345071134,-0.0282834160815206,0.05695452807041577,-0.18201300942084664,-19.77,-9.21,0.12120530605127626,0.7019780716830047,0.14500833333333332,0.10488882124284135,0.03884182850761878
0.018413866965432815,2.9819968645995707,419_228_5.21_40433.wav,-16.639866163706525,-0.4806350338649324,-0.4047758441749109,0.20332099166819803,0.04295244668367562,1.0551563719924664,0.2314805848388718,-0.014645983426446933,-0.6599725754892334,0.17989526307776055,0.17034270685070566,-0.1870171663272383,-0.1868521192373711,-17.35,-9.02,0.18731671494796517,1.0220802239620115,0.18629166666666666,0.17438042776008233,0.05130854711894633
0.01917474208197082,3.1924808138943632,419_234_4.98_17307.wav,-16.29716245378232,-0.27363573838529426,0.13390554735439653,0.43337870697562664,-0.5447838758192676,2.688524177464055,-0.5421526535533363,1.1197723153853236,-0.3373836701403754,0.6665171417979545,0.20170324166314244,-0.1795990053137249,-0.11258118105703807,-17.17,-11.25,0.09024225485391678,0.5891435704803829,0.116775,0.08441745469391333,0.03984599935833066
0.015545502333240153,2.7288957074101514,419_240_5.2_9157.wav,-24.763917419007264,0.545919833347779,-0.7460870612184887,-0.07037807758634196,0.8796382441164733,8.793992428300733,-0.5586894037272863,-1.854621671129426,1.4600603556183538,1.296687151571532,-1.1598489727046857,-0.7077301695575883,1.1081484981083847,-18.08,-10.12,0.050294270751394546,0.14380250346891804,0.018875,0.062183828939601844,0.021650090208709203
0.02002943354726823,2.883972289019156,419_246_4.5_13128.wav,-21.806626809429087,0.7882218482710026,-0.28983148210905796,0.6828688172106689,-0.03669671818880618,7.244199527415454,-3.1198520102935636,2.314603292036814,0.602846839766086,-0.6419913375733616,1.7012779762427606,-0.15731888200145477,0.2511193758782652,-16.98,-8.98,0.04753429819825036,0.08653419344246326,0.022333333333333334,0.06236451984896229,0.0216084233684307
0.0010418711102429547,2.7520693776228664,419_24_4.69_14014.wav,-21.602904222206234,-0.6397124811039143,0.21068997790031524,0.1804313036758835,-0.5315256806907838,5.412160672812325,-3.080990537888873,2.801733270283731,-1.5632652599614276,0.3440419796956846,0.6208730914406788,-0.9890148273655749,0.9612012498665001,-29.82,-18.27,0.1069481756442847,0.8494317224568818,0.19711666666666666,0.08724615909699424,0.03800432501802091
0.013304320082258373,2.972067202577815,419_252_4.89_33631.wav,-18.23771075789239,0.022533185996351963,0.21340376110449247,0.1884202433053157,-0.08368318310695094,2.6549028283380602,1.0530087437276507,0.5771539610580928,0.00966706324426005,-0.6902959414171637,-0.07029513616458538,0.34090574456085554,0.30320721061530237,-18.76,-10.26,0.12302703093937062,0.25085435880205154,0.023,0.15090203000975047,0.02802928345534773
0.025251242716142,2.8529810039441594,419_258_4.68_21977.wav,-17.42234016180065,-0.485094701154164,0.5147350758357765,0.014826214262384112,0.10644356414311379,2.1579049013888483,1.0735227355762675,0.9210750164947092,0.626314088715603,0.39230407092457686,-0.48686016656132297,-0.17094449626423658,-0.07054715127105748,-15.98,-9.53,0.11071875479978231,0.2787097943559547,0.02420833333333333,0.13017002690391746,0.025991774965729023
0.01742875767254241,2.986986684752675,419_264_4.99_10921.wav,-22.59961837808639,-0.11389807801278254,0.9362617488207555,-0.08561654553816808,-0.14414401107201136,8.613999561585079,-2.7238164023650153,0.0012480749069851554,1.9010091423057656,-1.2279274977951409,-0.11343162302388268,1.6373838532405123,-0.15940772802946418,-17.59,-10.27,0.05648915027916726,0.17387095129994606,0.030441666666666665,0.06391369161884962,0.028995954149808958
0.020446693655679006,3.142814475832402,419_270_5.27_43826.wav,-17.470685893384463,-0.2533592781963545,-0.2039215493796254,0.1599894021571456,-0.07628577176337242,3.046707394372865,0.49253293568867534,-0.35446526513824905,-0.5608489843498291,0.31700193867300164,0.4172504539437062,0.05651783094629685,-0.06879873627659149,-16.89,-9.32,0.09851746918787672,0.15336832071573203,0.025183333333333332,0.13674296163408176,0.02655011062546094
0.027280129338472868,3.1917558341831374,419_276_4.98_42780.wav,-17.196803992087563,-0.02928781087808649,0.16221142517953607,0.1771132944861316,0.39275387561362385,1.981618935382237,0.46439864492170946,0.24757976048292885,0.19318409098753958,-0.019955677296438663,0.14681811305597764,-0.2820192276299266,0.03288801413268962,-15.64,-9.38,0.12169423842885284,0.33741684249674314,0.030583333333333334,0.13803946586741814,0.03820432585135771
0.01698022011746652,3.059636978818379,419_282_4.52_32258.wav,-17.21685471750973,0.2845906203794313,0.00888991089733896,-0.24165676257888624,-0.38314761741336756,1.7167620763556704,0.6385745247951551,0.014242454643148168,0.04183545210174965,-0.2532462210630518,0.15178031858698593,0.41657969353098123,0.4417815926436205,-17.7,-10.39,0.14419355521686522,0.4924471214663119,0.04654166666666667,0.14424522873759774,0.03416680902837095
0.031367785090467205,3.1509197237573563,419_288_4.88_24796.wav,-16.99213053715682,-0.26193079273728403,-0.2022160903784862,-0.279782777596353,0.012724719198240328,2.6009597584468125,0.10685553120659369,0.8951470892055645,0.07254491031288386,0.4536068170728659,0.016922276262437315,0.1172398111483892,-0.015062346362244114,-15.04,-8.73,0.09436454091267074,0.16468415566774028,0.021983333333333334,0.12234378629284333,0.02048341868091117
0.01969693739474486,3.1098279051093893,419_294_4.78_33978.wav,-16.57586989634919,0.4699447003180358,-0.03174154629057806,-0.5238242056597571,-0.21570787628283666,1.7073351808541597,0.23150891556345266,-0.20358436841520536,-0.010272497921697233,-0.10273177824229426,0.18583437925727458,-0.06307316428616602,0.4382223358113429,-17.06,-10.71,0.15233187168584605,0.6987224261498841,0.13428333333333334,0.14320961040091731,0.044812686719528
0.049818357068751075,2.8469449281800627,419_300_5.11_16866.wav,-15.993055892441864,0.4959148443046613,-0.5058957578044684,0.5614696282415272,-0.47144331126500655,2.2335907582690706,0.04031006296988009,0.5602215359469429,-0.3526775307963662,0.9094292933154628,-0.49228728830296087,0.3253077483682133,-0.4665106810038799,-13.03,-5.31,0.09837557137559584,0.244789034323017,0.027866666666666668,0.10590010463172224,0.0378209909207955
0.04620268043841694,3.04532985811429,419_306_4.57_45319.wav,-18.587726872158076,-0.6084031070708786,-0.11187763634052694,0.2851075958145057,0.28295305126423914,3.1121068930377573,0.2058498840625833,0.6234513003720366,0.18773025514048575,0.3940115036226496,0.3534602149420909,0.416273030022756,-0.7823941136517835,-13.35,-9.27,0.046720371749915744,0.012913224370358276,0.01305,0.08262266111664843,0.013145888107867116
0.00352813307988269,2.6944452043567844,419_30_4.83_30432.wav,-17.68380092186937,-0.03504050686765009,-0.0651885854050504,0.1616092521727749,-0.012356368173779074,0.9427907603646828,0.17589530867971395,-0.04918554328392319,0.21954602563111497,-0.06934626481447032,-0.15377605718002327,-0.0028093063299112694,-0.03190154740122633,-24.52,-12.32,0.16161885658462125,1.2464170667949752,0.1996,0.13502186709543432,0.07189613290055376
0.040790658240191804,2.2716498589662875,419_312_5.25_34733.wav,-17.05007618157807,-0.029555433871625493,0.18510701752222408,0.21698100412446136,0.18513628316178626,1.8402410423074498,-0.17072040830739973,0.019195165182161904,0.5564307292765337,0.6368230173804283,0.08722993291186928,-0.09876039105663109,-0.14284170284471143,-13.89,-4.65,0.11991766269163376,0.18005720485232762,0.03320833333333333,0.1517305206187841,0.0395668315284647
0.01099217183944887,2.9125461211023915,419_318_4.99_43281.wav,-17.05412769561885,-0.04261568048455895,-0.22665044281416252,-0.28575001766277475,-0.09441100952789852,1.4289906439558835,-0.5619909028209072,0.10324919593844087,0.8576168300606464,0.0991017836798804,-0.04272025074135838,-0.4166386833104615,0.11823969058021067,-19.59,-12.63,0.15440798652690063,0.9977852652989877,0.189575,0.13966620670043553,0.08327534698061242
0.010672703841307146,2.7134918715970935,419_324_4.58_37285.wav,-17.78154720338739,-0.05108270673356438,-0.02097288710107473,0.1751024891043267,0.297060951273663,1.0146073792989223,-1.1265605468732391,-1.281067338062011,0.08450617989159549,0.6499206578453218,0.0037050349542256528,-0.056909587932494135,-0.29378696988317154,-19.72,-9.34,0.13295363579668504,0.6383587395783255,0.10441666666666667,0.12320354867096504,0.07181279921999675
0.01007106056167579,3.014024736571264,419_330_4.66_32289.wav,-16.94672825885589,-0.128524648602604,-0.15574307461138429,-0.05484085373577451,0.07714911068320127,0.8088420183183002,-0.5736600343351446,-1.1931038133518044,-0.17470509152691632,0.7095272844047156,0.09311165491746563,0.4470924871068973,-0.3065791684193738,-19.97,-11.08,0.14721123266422625,1.2335581341441506,0.21455833333333332,0.11738817537288845,0.08265867774449061
0.010346761075644893,2.665277323247795,419_336_4.68_10795.wav,-23.103382597693383,-0.6741001657561049,0.5730425184897385,0.6103094518654677,-0.36732845711227946,8.915089862357535,-2.379391851063958,-0.6176263459702824,2.4151690914800366,-0.3825940279038931,-1.0031836830169367,1.285766594984842,0.489443583048899,-19.85,-10.38,0.060775252018978695,0.2794529848613453,0.045191666666666665,0.06332648347478734,0.052550218959245665
0.013415621958996211,2.0700026996904732,419_342_4.96_37741.wav,-17.360825142740595,-0.18758647151710595,-0.04601801733897688,0.10464421131691629,-0.022585482571237492,2.194177979985027,0.5916774519310517,0.5604312870162438,0.12156720645976607,-0.4525538885578708,-0.11362854871640496,-0.4112453309368854,-0.020035481794394194,-18.72,-8.97,0.15751720905827046,0.5230295042216506,0.061408333333333336,0.16551392518900326,0.06277526156358985
0.029994302559260878,3.2192431490959246,419_348_4.56_11599.wav,-20.904109393084617,0.08367639105982616,0.8090199139346754,-0.4259115363962688,0.24059912642907355,7.999965078355331,-3.704594974632938,0.7864610701537431,2.526497465482919,-1.5872143748683696,-0.10227658754850727,1.4170413591827289,-0.5686885230336071,-15.23,-8.95,0.08438667675082755,0.7012982354810283,0.154675,0.07498413465743653,0.05148771453214388
0.0072396585484486254,2.942508605301432,419_354_5.11_17029.wav,-17.03126663185402,0.3374577024008123,-0.41093884633827826,0.36841791276148295,-0.2910726735239275,0.8229894145257892,0.3775417870298844,1.3390812423173692,-0.15872975841695525,0.9036745168828578,-0.03439833356709874,0.36908540696029724,-0.02644692744004727,-21.4,-14.18,0.14243786027920743,1.2830616090846414,0.21676666666666666,0.10856605521841498,0.06134608894203726
0.010345386348696686,2.556896317363396,419_360_5.4_10175.wav,-23.484410697768933,-0.4740101183807127,0.5609073363323036,0.27635771351990696,-0.16671230889651917,8.707542802483454,-2.4312446120996194,-0.4824997247188748,2.1952959503153617,-0.6759368369008089,-0.7689561003275016,1.319090770765234,0.29336411845887994,-19.85,-13.6,0.05664541034707549,0.19840321042766942,0.025683333333333332,0.0638957862535418,0.030233459306080443
0.011905799456257606,2.3796319974187345,419_366_4.67_19890.wav,-17.243330674458925,0.06183103451504236,-0.05735679975398582,0.10722065393364358,0.04238009793114006,1.5207796065564723,1.0640447440088687,0.7019881346091127,0.33351313898268836,0.652312245314708,0.025219100921959725,0.08724450540137317,0.17989516440369557,-19.24,-10.31,0.10610321921939347,0.4640791028702166,0.03426666666666667,0.1089984684396412,0.04999187496614569
0.014872285168192152,3.2970428224510484,419_36_5.46_10513.wav,-21.06905895374614,-0.16620607938549528,0.6925760105047128,-0.43859584970833926,-0.21063771808707243,8.609530634257858,-2.5432916549086384,0.09021283998327631,1.645565233144472,-1.303992621922775,-0.17190856073636127,1.0317233096412288,-0.672016930204594,-18.28,-14.97,0.06824823083828391,0.29469123460400853,0.07105833333333333,0.06512992936951081,0.04479185329938875
0.0016784869721324593,2.4517837480066387,419_372_5.35_24653.wav,-21.01698225172053,0.1191392194614278,0.13138341453304275,0.3296578408124127,0.10140598606783904,1.647452371188018,1.222591838538687,0.2044318291658235,0.6927562759511001,0.0022358575132968607,0.13743604089592493,-0.1233697440255373,0.08604475895169636,-27.75,-17.86,0.1996727496186573,0.8223855120289436,0.2426,0.1700118601885999,0.035475147813115886
0.012971913405039408,2.692232554215895,419_378_5.3_15282.wav,-18.49663714536637,0.8204343501615468,-0.4149931939512821,-0.11840886998979347,0.07265815247211393,4.063449242542614,-1.0389082187289842,2.464573797075505,-1.4472763782857623,1.8734937013593107,-0.9291744013587224,1.3311422977337284,-0.7205282267686082,-18.87,-12.06,0.08148737777938374,0.24655006297126428,0.028008333333333333,0.09373308997247362,0.03312930470543627
0.01269404267536304,2.5388566630334086,419_384_4.93_24623.wav,-17.109905150720287,-0.32963649189065636,0.0038389862261195284,-0.050191596925087345,0.019717281395470493,1.8524270044830347,1.1962821828311268,0.4847969386252111,0.48260159436842653,0.41571971165494537,-0.41578085445276125,0.3076413377108913,-0.1902905222048148,-18.96,-12.64,0.12382111032036215,0.605913327737036,0.097175,0.12006007362956125,0.03519181329922208
0.007808874170307826,2.531163326665241,419_390_4.81_24645.wav,-17.51157628667365,0.1863170963542583,-0.010222651326886434,-0.12228567060300691,0.14896467038760747,0.6451978097484827,1.0705999881188926,0.7205216032156058,0.6055538993722048,0.6310730055880363,0.04489883429120135,0.36030584927467135,-0.20324703786699727,-21.07,-12.44,0.15751586263691478,1.2225405881589362,0.20583333333333334,0.12281472021152072,0.06545443939349747
0.011343234695109488,2.7764239584189188,419_396_4.68_42506.wav,-17.84246882581475,-0.11812478610258936,0.23259707451774758,-0.12216216825537932,-0.17000060425736144,2.137957821206719,1.0849630366274452,0.41508399292338827,0.007301435213114163,-0.4723572807512342,-0.0005948314572367837,-0.0944685532399088,-0.05987637996524852,-19.45,-13.3,0.14838625690172438,0.9843279858019922,0.21045833333333333,0.1274303881213361,0.05453356055650232
0.010428525258669616,2.826421738570742,419_402_4.81_39457.wav,-17.986893338127842,0.4717777698306979,-0.037046380154545436,-0.07701503002377122,0.01927716563356684,2.1786542368284865,0.9969422528303331,-0.8006769766018353,-0.23090602055176707,-0.27077641950767883,0.5301128547644826,0.18528847729087722,-0.1966410249939989,-19.82,-11.61,0.1836105952496216,1.1519088502419383,0.22593333333333335,0.1519803036550487,0.07430864295267897
0.006941969125975473,2.170075015502752,419_408_5.1_22125.wav,-17.742908152562485,-0.010578220720112323,-0.02027330089979099,-0.14987334041654865,-0.1346561925667777,0.9073382099809579,1.8327361116192582,0.3185028578419753,0.1886959792048254,0.3849297425346738,0.08929428987198043,-0.1934757203149857,-0.040589063527110725,-21.59,-11.14,0.1771880420637749,1.3780985115916768,0.2859,0.13260999251376332,0.05047937699740416
0.010176682464081738,2.623425417812578,419_414_5.36_24539.wav,-17.25911360732069,-0.07810829744623758,-0.3684722838398965,-0.2458534101357006,0.00307938796294345,1.1229652674847528,1.1628032209716714,0.9251465680307176,0.7895672818012706,0.06126113018733634,-0.12497519415000624,0.025487939297175313,-0.23614324490481603,-19.92,-11.87,0.15992322071588838,1.030391132779206,0.235725,0.13531849294568937,0.05096271234463477
0.01883154605981177,2.859686676755082,419_420_4.86_11027.wav,-22.200272915567492,-0.21318612228297507,1.1952428415171026,-0.043398506211873626,-0.23865371006592204,8.74704986020494,-3.318539244807999,-0.006207034453837967,2.4379134770194897,-0.9860515625495556,-0.15293372785853024,1.4202670719120032,-0.5541546391183291,-17.25,-10.62,0.06710316804665203,0.3777859894016238,0.038675,0.06920181339314918,0.02335009729207205
0.013197058897270443,2.217306014128899,419_426_4.65_29240.wav,-17.62612093041714,-0.2766179604503576,0.08054798382352726,0.02512267405950014,0.06793508610556279,1.2493913405470545,1.4068389826162724,1.1455484186302374,0.25140052647745875,0.01608583062001128,0.19917163295203222,-0.21814002848521294,-0.39416621728895096,-18.8,-10.19,0.12844956881215,0.6072445825187844,0.10223333333333333,0.12199590941653242,0.044433518472993636
0.011806418674127834,2.7703193073697356,419_42_5.24_38617.wav,-16.544881676942584,-0.09496529923356808,-0.08902981602335625,-0.10163680281760999,-0.12554096041330323,1.7397916182150066,0.13260930911479868,-0.5190750205162624,-0.1419568126641788,-0.0073757661568772245,0.26505893052023044,0.03222157059407132,-0.14722700716959916,-19.28,-12.45,0.14514681163730214,0.9937899403104455,0.17746666666666666,0.13172265461446636,0.05067937783074096
0.009495113446465097,2.5825187209711995,419_432_5.49_47847.wav,-17.552076260059874,-0.2994443495367474,-0.08127034637676162,0.08001322406759195,-0.10934641218991889,2.195415664132417,0.4370414919560533,-0.10367631581764537,-0.4207712217879631,0.20623401789153767,-0.027372262773990214,-0.1443855854244231,-0.04042972082903438,-20.23,-11.41,0.1614710809059405,0.9028192382617946,0.194,0.15484343562860206,0.07712532135550565
0.01878483716664351,2.802211286401185,419_438_5.48_39705.wav,-16.77214375759731,-0.2395631970267269,-0.15104291807032982,-0.28202668040582624,0.0683501232904203,2.4154691960562396,0.6537894768948851,0.1519375669653312,-0.6496527341143272,-0.28084187650478026,0.3836129111598704,0.002695916879465826,-0.05129720368216474,-17.26,-11.36,0.16605400793305553,0.9499066655001738,0.21319166666666667,0.1487947041776458,0.08320868003616681
0.008368363742751794,2.1507287370899064,419_444_4.53_10601.wav,-23.56728466916255,-0.7525280588358214,-0.13533822993212705,0.883074060099738,-0.057944641592670765,8.601298209590631,-2.38241892379728,-1.3358919727190988,2.4843043535018516,0.34653262758876935,-1.432850733907598,0.6353844427651026,0.8939434298004737,-20.77,-10.94,0.0705512033720688,0.4840002600798611,0.11133333333333334,0.06864564215883559,0.039725165521523005
0.004359323366514148,1.301153704104471,419_450_4.95_36181.wav,-18.512041640806054,-0.0141787202871393,0.007260719243596017,-0.11517442916827221,0.0858628730326636,1.5440569548911354,-0.12875792208306291,0.4827233692264191,0.32261803717875054,0.29434858515905615,0.025534243239189857,0.22497695839926046,0.01140543841854726,-23.61,-10.98,0.1419153450766133,0.5664198645610303,0.07955833333333333,0.14914011187702636,0.02947512281301172
0.00331940682068129,3.190099026635327,419_456_5.36_33951.wav,-19.611981947886566,-0.11455313708210056,0.26489536691384963,-0.1727173560174374,0.08713673948836838,1.9276670423237805,0.8766354039702552,0.34514046742729737,-0.03366129987188963,0.27336688470534953,0.1824688326529706,0.10215458802101071,0.15712434771642758,-24.79,-18.58,0.1656196129232913,0.6147298050556846,0.08720833333333333,0.1673988734742168,0.04349601456672736
0.01364091408066789,3.2214972336026584,419_462_4.91_10014.wav,-22.218951304797567,-0.49048686796134416,-0.21208872959898994,0.7683269916064654,0.02411674613688386,9.2327240835215,-2.0639489961742603,-1.6291751554063911,2.228456087715875,0.5231250037049676,-1.3899374484130629,0.4606507780252631,1.0287169214728786,-18.65,-11.84,0.0750383366992716,0.5909963303232056,0.137025,0.06511762341427363,0.047325197188321615
0.005946965345391506,3.1475036192873818,419_468_4.69_34278.wav,-17.812421568416983,0.12199586849610583,0.030598718107164413,0.02702653911337677,0.11772317209737244,1.613394358832569,0.6872499789681112,-0.40868303316698024,0.2986122159655692,-0.019134833561447056,0.08984932539041195,0.12353457607099391,0.17256223958445915,-22.26,-16.3,0.12833915980024685,0.9570599255410005,0.18191666666666667,0.1198062960504546,0.05562523177179905
0.01788356309271276,2.83683124549846,419_474_5.03_47525.wav,-16.464110681940728,-0.2432132909879367,-0.29866983524439816,-0.007908145567237727,-0.04535728360226986,2.332451058012248,-0.3566706455274572,-0.14365963638445806,-0.386871368697849,0.008706018259923145,0.28448864895098597,0.2509845017225166,0.03389522970452936,-17.48,-9.76,0.1186657915279017,0.4719864916441709,0.059833333333333336,0.12896179161879373,0.07865032770969879
0.020355838968489016,2.7048410015212125,419_480_4.82_13888.wav,-19.866208844652768,-0.39299672364393723,0.30386060391528136,-0.07511459747688501,-0.37806607058994657,5.831677829636568,-3.186489930402238,3.343949507796453,-1.1238439154762199,0.6391369311347559,0.7922564216509622,-0.8081269693826199,1.109065381485352,-16.91,-10.74,0.07189768978918601,0.27186856060556835,0.023666666666666666,0.08101618010622526,0.032966804028350116
0.012683231612949555,2.5688380172964864,419_486_4.89_25832.wav,-16.893940406897492,0.0853538166324803,-0.036775536241478245,0.2725730188509077,0.04670522697111902,1.903749388267301,1.2663442158213776,-0.3056209386934155,0.42809819037424035,-0.03349577655829048,0.03195406155305142,0.33669370663844556,-0.2921511013473193,-18.97,-11.05,0.13494720478715155,0.8693391794869358,0.208825,0.12423155413125281,0.06010858378576577
0.008181518216559205,2.4862873346056595,419_48_4.78_45465.wav,-17.526382859792218,-0.156818057565564,-0.13121903710928237,-0.14326860263528032,-0.001738293751757665,2.212080457588875,-0.2601689343297956,0.6087992620760014,-0.21777102960917358,0.018850772183743435,0.24677393354247185,-0.14499437835735796,-0.1355475612102901,-20.87,-12.94,0.0953887868680429,0.24878929108528136,0.056558333333333335,0.11595606383071887,0.04383768265701107
0.016254074354311213,2.8313725372867635,419_492_4.52_24519.wav,-16.39141377846785,-0.08794692630569534,0.2574071145654535,0.05091656486717801,0.09435231718250645,1.1343527834192348,1.0173432771074233,0.6584626746723952,0.2867194095219476,0.2429947449043276,-0.2675070851010089,-0.08316414747339669,0.05866456692545542,-17.89,-11.71,0.13346295925890514,0.8770785851319896,0.16535833333333333,0.11789359573958477,0.04489185371605715
0.01150077549418556,2.5381809088104377,419_498_4.52_37888.wav,-17.17406654939488,0.13906342925709922,0.026454476277078934,0.0843626962424854,-0.20373170872910007,1.9222160121880532,0.7217353329809585,-0.08277886332801135,0.21393640741937575,-0.0929454596373719,0.2936222883807931,0.2144562006498152,0.011585747113439336,-19.39,-10.42,0.13986500908119062,0.9650528095417966,0.21551666666666666,0.12132658148301952,0.05765024020933421
0.01771690739127471,2.6703371459744063,419_504_4.59_23115.wav,-16.87565217279685,0.19018442236171276,0.37471857175201273,0.007369004266999232,-0.021164998266816518,1.3038884754367124,0.6236466922652248,0.847390943172119,0.40005574635354646,0.2089235554206213,0.14099833325544658,-0.029192286817583103,-0.14028962114749657,-17.52,-10.75,0.11221343778841295,0.46720287075442546,0.057633333333333335,0.11337482040541755,0.04030850128542202
0.013146010080305089,2.7399384545694954,419_510_4.94_13410.wav,-19.867386888877892,-0.3995779137508517,-0.3176176399611524,0.13806198259102898,-0.7261057907207427,6.268506705211438,-3.42124819631635,3.3915041267232526,-0.8896754758493215,0.13863455448803186,1.4684998771122864,-0.8854733053362974,0.9096503807636813,-18.81,-10.84,0.08512534052436155,0.4986551758190786,0.072525,0.08329983688642689,0.036150150625627604
0.006310331758852579,2.1865959201099554,419_516_4.86_30553.wav,-18.099275633599383,-0.13376621616572382,0.10064858223050781,0.06999621335548266,0.22479180839123777,2.1461699975472004,0.728062867177415,0.5129171330976193,0.21771329858164107,-0.16508662296129872,0.24388008455121957,0.23045820746420664,-0.05847838273140353,-22.0,-12.22,0.11366103021091772,0.3653192625774367,0.037983333333333334,0.13160708567975024,0.047233530139708914
0.011255750103187337,2.5176451897034187,419_522_4.87_14205.wav,-19.61252778041044,-0.7316482317107351,0.5725387029679939,-0.5651414394907452,0.13868548933837113,5.755904771904435,-3.1922143890674235,2.9086486505519114,-1.3065005543567987,1.104727536530204,0.5454898815962531,-0.12275521792492218,0.5527440155276205,-19.49,-10.97,0.0718967181869502,0.29993042390768065,0.05964166666666667,0.07577785123472598,0.03687098696244568
0.002928797902597958,2.868697913124477,419_528_5.43_44057.wav,-18.893105482221305,0.5014836594854104,-0.08937695226838893,-0.04042053683906419,-0.23613478274037145,1.4858497833267523,0.12010759066257036,-0.15354647210705674,0.14277752367889385,0.7231518342689034,-0.05053986496945711,0.05572249637487112,-0.3143245593496746,-25.33,-14.44,0.14166535997144233,1.0425964653016275,0.112775,0.14874177046315923,0.05877941158088159
0.009273920341522123,2.6783117509097436,419_534_4.85_23948.wav,-17.088388127252077,-0.13287256024434121,0.1647009246911993,-0.00040797217101578437,-0.06246364225752432,1.8070891510420406,1.0143131607522426,-0.0673092007705691,0.166103682922655,0.41956754257139306,-0.365834854303171,0.27681327895632396,-0.009551130166611502,-20.33,-11.85,0.13479047210640963,0.8773569665201757,0.18289166666666667,0.12375187542246456,0.04072933637223489
0.01759799654314548,2.442922258006484,419_540_4.59_30574.wav,-17.641494778049797,0.501741466988581,0.03681943614772165,0.08766182144346932,0.08455398938005097,3.218559770041722,0.3582218746100828,0.0937419276140567,0.14844095904997429,0.013360222048537382,-0.2271228077623133,0.04045170234387416,0.3713672537673346,-17.55,-9.73,0.07855716473104078,0.10475567745663106,0.025641666666666667,0.111604535705816,0.034387643281847007
0.004685901225126301,2.439775186143343,419_546_4.74_39953.wav,-18.95552576667645,0.08802812601638788,-0.01322541857466627,0.3089153843628767,0.15056111084808074,1.4614715666242626,1.5521766206718286,0.077096967812012,-0.25873659365977797,0.1479474089803946,0.01803436198946807,0.16092231739434762,-0.02085831952476645,-23.29,-13.49,0.14320383338024967,1.0362386804582506,0.20198333333333332,0.11871170232905272,0.035687648698536245
0.016293607164010456,2.697382670619756,419_54_5.03_27178.wav,-16.154124512845524,0.13769120236149351,0.08649855630864348,0.12342865168769085,0.11686716137104207,1.8828807383407657,0.803896725674902,-0.23391418933154176,0.01833736244971136,-0.14396043697437522,-0.5643087269358567,-0.019918684275616185,-0.08386316587090217,-17.88,-11.12,0.1505736846069537,0.8243441916034321,0.171125,0.13831608457900632,0.060900253751057294
0.020621770325686052,2.8801840324627763,419_552_5.48_43901.wav,-16.858489891681337,-0.15791372426853809,-0.008375861529827576,-0.21391216059369772,-0.17614910926084076,2.3160551826898947,0.3001525459027275,0.041234653077943974,0.05177521722336558,0.43732508916510243,0.1104411763609896,-0.07295930572853923,-0.05530278579553152,-16.86,-10.28,0.20088782855297221,0.973532654298231,0.234175,0.17572439383783522,0.06850445210188376
0.034288597680551265,3.048064570483772,419_558_5.08_34352.wav,-16.41186485478342,-0.03903252096648603,0.20498186791665685,-0.15355055495880823,-0.243087974058047,2.0292977386134377,1.0557048808743885,0.46095177303715296,0.15745125948237731,-0.07529774492739093,0.29236266877215533,0.19245160882973059,0.38805799407954344,-14.65,-8.72,0.17481034820444286,0.7606794061996661,0.17646666666666666,0.15537380054867517,0.07284197017487573
0.026466586639804203,2.9046817377218987,419_564_4.84_29843.wav,-16.439438095404707,0.30075145514266854,-0.03750749686855461,0.16087204172897362,0.015219124577621583,2.4609150180617654,0.9202023133431408,0.25512944852961356,-0.03452260964590195,-0.09087838722949336,0.29366665396683234,-0.22650597021518892,0.1811876338738882,-15.77,-10.78,0.13032116336868899,0.3970439548139747,0.031466666666666664,0.1434180318866937,0.04369184871603632
0.02246362410579663,2.9977649163299938,419_570_5.06_18472.wav,-15.29284525587304,-0.07202332141283224,0.12342624620248153,0.1406664173448262,0.0485645354023034,0.7901038625563439,0.5231055478658974,0.7455075861771878,0.08217917026729375,0.5859548968707344,0.11413885884574429,-0.05182561082086694,-0.22857502258626464,-16.49,-9.61,0.13804047905631425,1.0657762847239127,0.21195,0.11021132785627348,0.05702107092112884
0.024636146842919305,3.1434116406019803,419_576_4.69_35550.wav,-16.440284486537802,-0.10073525951289525,0.037762932765426825,0.1875929152062138,-0.15005062852703102,2.081063738971573,1.0859310869643002,-0.17478526985519444,0.42546364783204227,-0.033329935416806664,0.048505414855082,0.2795931291113402,0.17018595118987764,-16.08,-10.65,0.1637461930573715,0.9869691793246732,0.207525,0.14190238609381167,0.06403360014000058
0.020773350958879045,2.946400862870136,419_582_5.06_47350.wav,-16.723295272745265,-0.21951485518813657,-0.07999604638137256,0.020435589649723616,0.12575283264029383,2.1421129755857238,0.45236201357739914,-0.10592121140484327,-0.07732212205016692,0.18362529662264776,0.475235430118905,-0.2782733942077844,-0.13667988630071226,-16.83,-10.4,0.15843567053623034,1.088810893988243,0.21245,0.1356535391026933,0.06389609956708153
0.01892085681093503,2.7226332601606638,419_60_4.8_32598.wav,-16.949365840127662,-0.10464936018810592,-0.04629867067805863,0.06427357970805121,0.05831146918082106,2.584433247129356,0.2663445400516905,0.7110275676546045,0.39364181940365217,-0.09237394455841812,-0.10109044052826485,-0.037691535414387606,-0.2125436504459921,-17.23,-11.21,0.1362211050741319,0.4690940081342128,0.056325,0.14248498419163458,0.043608515035479314
0.020267276855585964,2.8600921706573006,419_66_4.92_27977.wav,-16.9007494025831,0.05781209184375148,-0.020781815841166677,0.06779909452370264,0.06460296849509989,2.46813991526098,0.09154208962632474,0.3894938999777523,0.4780951166893022,0.2394260880721671,0.08903720324316916,0.14167766508559787,-0.03044778121632248,-16.93,-9.51,0.12538544391390297,0.2915568917484129,0.036975,0.1536889610892218,0.037587656615235894
0.02224174432886708,3.2788852303502125,419_6_5.26_26780.wav,-16.28821603225032,-0.10037703759303578,-0.2728147615927357,-0.1602908581097972,-0.06641702029355648,1.6526154741297723,0.42779386663188657,-0.03040012485802209,-0.17132470366260066,-0.14056545462586065,0.008600290904822332,0.06333398082621412,-0.09877856633965973,-16.53,-12.53,0.15852846855885014,0.5552249508721845,0.067,0.14939690167060912,0.04519602165009021
0.008459177537534767,2.9722357891232996,419_72_5.29_45039.wav,-16.895586377446367,0.25333499965903306,-0.13502903440078856,0.07992215851129214,0.06288767734962482,1.1685542561671243,-0.48431023685235597,0.23252081372540484,-0.12220411890069527,0.025168984683306042,0.1787808421302757,-0.06812644867289039,0.060218081022058535,-20.73,-12.4,0.13367490127038673,0.6647928728806067,0.108025,0.14061543612804261,0.07726698861245256
0.014197127385631595,2.831803613886574,419_78_5.17_42569.wav,-17.01186536463722,0.2649175583867337,-0.09749179265469603,-0.17538736701906665,-0.1005410179698533,2.493401178618362,0.030576817623457056,-0.02752913856134756,-0.35735924423826526,-0.41267568083206957,0.42868568877209295,0.19815192815461297,-0.04588816764536839,-18.48,-11.16,0.14565260500391758,0.5235398777092471,0.06030833333333333,0.15541302381772468,0.07324197184154933
0.011824478115586273,2.897771951992352,419_84_4.85_13219.wav,-19.94691275339002,-0.008330344064607184,-0.3245736760831598,0.6843085128806987,-0.4068458837689433,6.383232561517139,-3.456010546144716,3.531252288661741,-0.7716788339133511,-0.3064970518561777,1.3464100617207273,-1.1437731330583958,0.8827818917851882,-19.27,-10.91,0.09005315906466099,0.6324449015619305,0.139675,0.08608191450156298,0.055100229584289936
0.021541593361544004,3.1923105633038107,419_90_5.15_38618.wav,-16.304125266873623,0.23743253475621048,-0.11117990110853337,0.017010619766403067,0.028307954978704513,1.5836086910705374,0.23022174339054985,0.4987601904355413,-0.8350506785111639,-0.03917015527588546,0.22317365014228727,0.26164431035317104,0.25546485686098824,-16.67,-11.59,0.11291507223084103,0.36664052754379306,0.0796,0.13369155245219427,0.044404351684798685
0.017510904776609947,3.2437675445216385,419_96_4.64_17095.wav,-16.865865850177467,0.8194228625207897,-0.6409220227012715,0.4995745283019536,-0.5558054213361762,2.9578653397232024,-0.8788366102442808,1.6278653505767682,-1.0040550812275044,1.2013663974215882,-0.6968135475932375,1.0799980527387096,-0.6859731304947005,-17.57,-10.87,0.08704457183630201,0.40149178078787656,0.05565833333333333,0.09157828762251695,0.04012933387222447
